Alhamisi
2014
2016
alhamisi
wiki
hii
Alhamisi
2014
2016
alhamisi
wiki
hii
Alhamisi
2014
2016
alhamisi
wiki
hii
Alhamisi
2014
2016
alhamisi
wiki
hii
Alhamisi
2014
2016
alhamisi
wiki
hii
Alhamisi
2014
2016
alhamisi
wiki
hii
Alhamisi
2014
2016
alhamisi
wiki
hii
Alhamisi
2014
2016
alhamisi
wiki
hii
Alhamisi
2014
2016
alhamisi
wiki
hii
Alhamisi
2014
2016
alhamisi
wiki
hii
Alhamisi
2014
2016
alhamisi
wiki
hii
Alhamisi
2014
2016
alhamisi
wiki
hii
Jumapili
Jumanne
wiki
iliyopita
2015
2010
wiki
mbili
zilizopita
Jumatano
Novemba
3
Jumatatu
Jumanne
Jumatatu
Jumapili
Jumanne
wiki
iliyopita
2015
2010
wiki
mbili
zilizopita
Jumatano
Novemba
3
Jumatatu
Jumanne
Jumatatu
Jumapili
Jumanne
wiki
iliyopita
2015
2010
wiki
mbili
zilizopita
Jumatano
Novemba
3
Jumatatu
Jumanne
Jumatatu
Jumapili
Jumanne
wiki
iliyopita
2015
2010
wiki
mbili
zilizopita
Jumatano
Novemba
3
Jumatatu
Jumanne
Jumatatu
Jumapili
Jumanne
wiki
iliyopita
2015
2010
wiki
mbili
zilizopita
Jumatano
Novemba
3
Jumatatu
Jumanne
Jumatatu
Jumapili
Jumanne
wiki
iliyopita
2015
2010
wiki
mbili
zilizopita
Jumatano
Novemba
3
Jumatatu
Jumanne
Jumatatu
Jumapili
Jumanne
wiki
iliyopita
2015
2010
wiki
mbili
zilizopita
Jumatano
Novemba
3
Jumatatu
Jumanne
Jumatatu
Jumapili
Jumanne
wiki
iliyopita
2015
2010
wiki
mbili
zilizopita
Jumatano
Novemba
3
Jumatatu
Jumanne
Jumatatu
Jumapili
Jumanne
wiki
iliyopita
2015
2010
wiki
mbili
zilizopita
Jumatano
Novemba
3
Jumatatu
Jumanne
Jumatatu
Jumapili
Jumanne
wiki
iliyopita
2015
2010
wiki
mbili
zilizopita
Jumatano
Novemba
3
Jumatatu
Jumanne
Jumatatu
Jumapili
Jumanne
wiki
iliyopita
2015
2010
wiki
mbili
zilizopita
Jumatano
Novemba
3
Jumatatu
Jumanne
Jumatatu
Jumapili
Jumanne
wiki
iliyopita
2015
2010
wiki
mbili
zilizopita
Jumatano
Novemba
3
Jumatatu