Afrika
eSpain
laseMadrid
Afrika
eSpain
laseMadrid
Afrika
eSpain
laseMadrid
Afrika
eSpain
laseMadrid
laseChina
laseChina
laseChina
laseChina
eFrance
eGqeberha
eFrance
eGqeberha
eFrance
eGqeberha
eFrance
eGqeberha
Algeria
eGhana
yaseLibya
yaseNigeria
Algeria
eGhana
yaseLibya
yaseNigeria
Algeria
eGhana
yaseLibya
yaseNigeria
Algeria
eGhana
yaseLibya
yaseNigeria
Afrika
Afrika
Afrika
Afrika
Afrika
Afrika
Afrika
Afrika
Egypt
ePitoli
Egypt
Egypt
ePitoli
Egypt
Egypt
ePitoli
Egypt
Egypt
ePitoli
Egypt
ePitoli
Egypt
eCairo
Egypt
ePitoli
Egypt
eCairo
Egypt
ePitoli
Egypt
eCairo
Egypt
ePitoli
Egypt
eCairo
Egypt
eMzansi
baseMzansi
eMhlanga
eThekwini
aseThekwini
waseZambia
eMzansi
eZambia
Zimbabwe
naseNigeria
eMzansi
baseMzansi
eMhlanga
eThekwini
aseThekwini
waseZambia
eMzansi
eZambia
Zimbabwe
naseNigeria
eMzansi
baseMzansi
eMhlanga
eThekwini
aseThekwini
waseZambia
eMzansi
eZambia
Zimbabwe
naseNigeria
eMzansi
baseMzansi
eMhlanga
eThekwini
aseThekwini
waseZambia
eMzansi
eZambia
Zimbabwe
naseNigeria
yaseMzansi
Egypt
Egypt
eThekwini
ePitoli
yaseMzansi
Egypt
Egypt
eThekwini
ePitoli
yaseMzansi
Egypt
Egypt
eThekwini
ePitoli
yaseMzansi
Egypt
Egypt
eThekwini
ePitoli
King
Zwelithini
Stadium
Harry
Gwala
Stadium
Idas
Valley
Sugar
Ray
Xulu
Stadium
Dr
Petrus
Molemela
Stadium
Dobsonville
Stadium
Lucas
Moripe
Stadium
King
Zwelithini
Stadium
Harry
Gwala
Stadium
Idas
Valley
Sugar
Ray
Xulu
Stadium
Dr
Petrus
Molemela
Stadium
Dobsonville
Stadium
Lucas
Moripe
Stadium
King
Zwelithini
Stadium
Harry
Gwala
Stadium
Idas
Valley
Sugar
Ray
Xulu
Stadium
Dr
Petrus
Molemela
Stadium
Dobsonville
Stadium
Lucas
Moripe
Stadium
King
Zwelithini
Stadium
Harry
Gwala
Stadium
Idas
Valley
Sugar
Ray
Xulu
Stadium
Dr
Petrus
Molemela
Stadium
Dobsonville
Stadium
Lucas
Moripe
Stadium
Lucas
Moripe
Stadium
eCameroon
eMorocco
eNasrec
eMzansi
eMorocco
eJohannesburg
yaseTunisia
Egypt
Lucas
Moripe
Stadium
eCameroon
eMorocco
eNasrec
eMzansi
eMorocco
eJohannesburg
yaseTunisia
Egypt
Lucas
Moripe
Stadium
eCameroon
eMorocco
eNasrec
eMzansi
eMorocco
eJohannesburg
yaseTunisia
Egypt
Lucas
Moripe
Stadium
eCameroon
eMorocco
eNasrec
eMzansi
eMorocco
eJohannesburg
yaseTunisia
Egypt
eNasrec
eMzansi
England
eFrance
eLoftus
Versfeld
eLoftus
Versfeld
eWest
Indies
saseSaint
Lucia
laseWest
Indies
eWest
eNasrec
eMzansi
England
eFrance
eLoftus
Versfeld
eLoftus
Versfeld
eWest
Indies
saseSaint
Lucia
laseWest
Indies
eWest
eNasrec
eMzansi
England
eFrance
eLoftus
Versfeld
eLoftus
Versfeld
eWest
Indies
saseSaint
Lucia
laseWest
Indies
eWest
eNasrec
eMzansi
England
eFrance
eLoftus
Versfeld
eLoftus
Versfeld
eWest
Indies
saseSaint
Lucia
laseWest
Indies
eWest
Indies
Australia
eSaint
Lucia
eGqeberha
eTokyo
eJapan
Asia
waseNewcastle
eJapan
Uganda
eJapan
yasentshonalanga
ye
-
Indies
Australia
eSaint
Lucia
eGqeberha
eTokyo
eJapan
Asia
waseNewcastle
eJapan
Uganda
eJapan
yasentshonalanga
ye
-
Indies
Australia
eSaint
Lucia
eGqeberha
eTokyo
eJapan
Asia
waseNewcastle
eJapan
Uganda
eJapan
yasentshonalanga
ye
-
Indies
Australia
eSaint
Lucia
eGqeberha
eTokyo
eJapan
Asia
waseNewcastle
eJapan
Uganda
eJapan
yasentshonalanga
ye
-
Afrika
zaseSoweto
eMayfair
eNamibia
naseMalawi
yaseLibya
eClermont
KwaZulu
-
Natal
Afrika
Algeria
eMorocco
eNingizimu
Afrika
eTanzania
eBurkina
Faso
Afrika
yaseGuinea
eCameroon
yaseTanzania
eDar
es
Salaam
yaseMorocco
eMorocco
seMzansi
yaseTunisia
Egypt
eTanzania
eTanzania
Afrika
zaseSoweto
eMayfair
eNamibia
naseMalawi
yaseLibya
eClermont
KwaZulu
-
Natal
Afrika
Algeria
eMorocco
eNingizimu
Afrika
eTanzania
eBurkina
Faso
Afrika
yaseGuinea
eCameroon
yaseTanzania
eDar
es
Salaam
yaseMorocco
eMorocco
seMzansi
yaseTunisia
Egypt
eTanzania
eTanzania
Afrika
zaseSoweto
eMayfair
eNamibia
naseMalawi
yaseLibya
eClermont
KwaZulu
-
Natal
Afrika
Algeria
eMorocco
eNingizimu
Afrika
eTanzania
eBurkina
Faso
Afrika
yaseGuinea
eCameroon
yaseTanzania
eDar
es
Salaam
yaseMorocco
eMorocco
seMzansi
yaseTunisia
Egypt
eTanzania
eTanzania
Afrika
zaseSoweto
eMayfair
eNamibia
naseMalawi
yaseLibya
eClermont
KwaZulu
-
Natal
Afrika
Algeria
eMorocco
eNingizimu
Afrika
eTanzania
eBurkina
Faso
Afrika
yaseGuinea