Alhamisi
2014
2016
alhamisi
wiki
Alhamisi
2014
2016
alhamisi
wiki
Alhamisi
2014
2016
alhamisi
wiki
Alhamisi
2014
2016
alhamisi
wiki
Alhamisi
2014
2016
alhamisi
wiki
Alhamisi
2014
2016
alhamisi
wiki
Alhamisi
2014
2016
alhamisi
wiki
Alhamisi
2014
2016
alhamisi
wiki
Alhamisi
2014
2016
alhamisi
wiki
Alhamisi
2014
2016
alhamisi
wiki
Alhamisi
2014
2016
alhamisi
wiki
Alhamisi
2014
2016
alhamisi
wiki
hii
hii
hii
hii
hii
hii
hii
hii
hii
hii
hii
hii
Jumapili
Jumapili
Jumapili
Jumapili
Jumapili
Jumapili
Jumapili
Jumapili
Jumapili
Jumapili
Jumapili
Jumapili
Jumanne
Jumanne
Jumanne
Jumanne
Jumanne
Jumanne
Jumanne
Jumanne
Jumanne
Jumanne
Jumanne
Jumanne
wiki
iliyopita
2015
2010
wiki
mbili
zilizopita
Jumatano
Novemba
3
Jumatatu
wiki
iliyopita
2015
2010
wiki
mbili
zilizopita
Jumatano
Novemba
3
Jumatatu
wiki
iliyopita
2015
2010
wiki
mbili
zilizopita
Jumatano
Novemba
3
Jumatatu
wiki
iliyopita
2015
2010
wiki
mbili
zilizopita
Jumatano
Novemba
3
Jumatatu
wiki
iliyopita
2015
2010
wiki
mbili
zilizopita
Jumatano
Novemba
3
Jumatatu
wiki
iliyopita
2015
2010
wiki
mbili
zilizopita
Jumatano
Novemba
3
Jumatatu
wiki
iliyopita
2015
2010
wiki
mbili
zilizopita
Jumatano
Novemba
3
Jumatatu
wiki
iliyopita
2015
2010
wiki
mbili
zilizopita
Jumatano
Novemba
3
Jumatatu
wiki
iliyopita
2015
2010
wiki
mbili
zilizopita
Jumatano
Novemba
3
Jumatatu
wiki
iliyopita
2015
2010
wiki
mbili
zilizopita
Jumatano
Novemba
3
Jumatatu
wiki
iliyopita
2015
2010
wiki
mbili
zilizopita
Jumatano
Novemba
3
Jumatatu
wiki
iliyopita
2015
2010
wiki
mbili
zilizopita
Jumatano
Novemba
3
Jumatatu
Jumanne
Jumatatu
Mei
7
2018
mwanzoni
mwa
Februari
Februari
15
Februari
mwanzo
wa
wiki
hii
2018
Jumamosi
Mapema
Leo
Jumamosi
Jumamosi
April
9
1947
wiki
mbili
zilizopita
Mapema
mwezi
huu
Jumapili
Jumapili
Jumanne
Jumatatu
Mei
7
2018
mwanzoni
mwa
Februari
Februari
15
Februari
mwanzo
wa
wiki
hii
2018
Jumamosi
Mapema
Leo
Jumamosi
Jumamosi
April
9
1947
wiki
mbili
zilizopita
Mapema
mwezi
huu
Jumapili
Jumapili
Jumanne
Jumatatu
Mei
7
2018
mwanzoni
mwa
Februari
Februari
15
Februari
mwanzo
wa
wiki
hii
2018
Jumamosi
Mapema
Leo
Jumamosi
Jumamosi
April
9
1947
wiki
mbili
zilizopita
Mapema
mwezi
huu
Jumapili
Jumapili
Jumanne
Jumatatu
Mei
7
2018
mwanzoni
mwa
Februari
Februari
15
Februari
mwanzo
wa
wiki
hii
2018
Jumamosi
Mapema
Leo
Jumamosi
Jumamosi
April
9
1947
wiki
mbili
zilizopita
Mapema
mwezi
huu
Jumapili
Jumapili
Jumanne
Jumatatu
Mei
7
2018
mwanzoni
mwa
Februari
Februari
15
Februari
mwanzo
wa
wiki
hii
2018
Jumamosi
Mapema
Leo
Jumamosi
Jumamosi
April
9
1947
wiki
mbili
zilizopita
Mapema
mwezi
huu
Jumapili
Jumapili
Jumanne
Jumatatu
Mei
7
2018
mwanzoni
mwa
Februari
Februari
15
Februari
mwanzo
wa
wiki
hii
2018
Jumamosi
Mapema
Leo
Jumamosi
Jumamosi
April
9
1947
wiki
mbili
zilizopita
Mapema
mwezi
huu
Jumapili
Jumapili
Jumanne
Jumatatu
Mei
7
2018
mwanzoni
mwa
Februari
Februari
15
Februari
mwanzo
wa
wiki
hii
2018
Jumamosi
Mapema
Leo
Jumamosi
Jumamosi
April
9
1947
wiki
mbili
zilizopita
Mapema
mwezi
huu
Jumapili
Jumapili
Jumanne
Jumatatu
Mei
7
2018
mwanzoni
mwa
Februari
Februari
15
Februari
mwanzo
wa
wiki
hii
2018
Jumamosi
Mapema
Leo
Jumamosi
Jumamosi
April
9
1947
wiki
mbili
zilizopita
Mapema
mwezi
huu
Jumapili
Jumapili
Jumanne
Jumatatu
Mei
7
2018
mwanzoni
mwa
Februari
Februari
15
Februari
mwanzo
wa
wiki
hii
2018