kwa Kapa Botlhaba
Kapa Botlhaba go
wa Mbizana le
la Mbizana ,
la Mbizana go
kwa Kapa Botlhaba
Kapa Botlhaba go
wa Mbizana le
la Mbizana ,
la Mbizana go
kwa Kapa Botlhaba
Kapa Botlhaba go
wa Mbizana le
la Mbizana ,
la Mbizana go
kwa Kapa Botlhaba
Kapa Botlhaba go
wa Mbizana le
la Mbizana ,
la Mbizana go
kwa Kapa Botlhaba
Kapa Botlhaba ,
kwa Kapa Botlhaba
Kapa Botlhaba ,
kwa Kapa Botlhaba
Kapa Botlhaba ,
kwa Kapa Botlhaba
Kapa Botlhaba ,
le Mzansi ,
le Mzansi ,
le Mzansi ,
le Mzansi ,
la US Jill
la US Jill
la US Jill
la US Jill
ya Bergen -
Bergen - Belsen
- Belsen Nazi
Belsen Nazi .
le Auschwitz le
le Bergen -
Bergen - Belsen
- Belsen .
kwa Bergen -
Bergen - Belsen
- Belsen ,
kwa Britain se
kwa Bosnia le
le Rwanda ,
kwa New Jersey
New Jersey .
mo Bergen -
Bergen - Belsen
- Belsen ,
ya Bergen -
Bergen - Belsen
- Belsen Nazi
Belsen Nazi .
le Auschwitz le
le Bergen -
Bergen - Belsen
- Belsen .
kwa Bergen -
Bergen - Belsen
- Belsen ,
kwa Britain se
kwa Bosnia le
le Rwanda ,
kwa New Jersey
New Jersey .
mo Bergen -
Bergen - Belsen
- Belsen ,
ya Bergen -
Bergen - Belsen
- Belsen Nazi
Belsen Nazi .
le Auschwitz le
le Bergen -
Bergen - Belsen
- Belsen .
kwa Bergen -
Bergen - Belsen
- Belsen ,
kwa Britain se
kwa Bosnia le
le Rwanda ,
kwa New Jersey
New Jersey .
mo Bergen -
Bergen - Belsen
- Belsen ,
ya Bergen -
Bergen - Belsen
- Belsen Nazi
Belsen Nazi .
le Auschwitz le
le Bergen -
Bergen - Belsen
- Belsen .
kwa Bergen -
Bergen - Belsen
- Belsen ,
kwa Britain se
kwa Bosnia le
le Rwanda ,
kwa New Jersey
New Jersey .
mo Bergen -
Bergen - Belsen
- Belsen ,
ya Bergen -
Bergen - Belsen
- Belsen ka
etetseng Bergen -
Bergen - Belsen
- Belsen makgetlho
kwa Auschwitz ka
kwa New York
ya Bergen -
Bergen - Belsen
- Belsen ka
etetseng Bergen -
Bergen - Belsen
- Belsen makgetlho
kwa Auschwitz ka
kwa New York
ya Bergen -
Bergen - Belsen
- Belsen ka
etetseng Bergen -
Bergen - Belsen
- Belsen makgetlho
kwa Auschwitz ka
kwa New York
ya Bergen -
Bergen - Belsen
- Belsen ka
etetseng Bergen -
Bergen - Belsen
- Belsen makgetlho
kwa Auschwitz ka
kwa New York
New York se
le Japan ,
ka Los Angeles
Los Angeles ,
Kwa New York
New York ,
New York se
le Japan ,
ka Los Angeles
Los Angeles ,
Kwa New York
New York ,
New York se
le Japan ,
ka Los Angeles
Los Angeles ,
Kwa New York
New York ,
New York se
le Japan ,
ka Los Angeles
Los Angeles ,
Kwa New York
New York ,
kwa Hollywood e
kwa Los Angeles
Los Angeles ka
kwa Hollywood e
kwa Los Angeles
Los Angeles ka
kwa Hollywood e
kwa Los Angeles
Los Angeles ka
kwa Hollywood e
kwa Los Angeles
Los Angeles ka
ba Amerika ba
kwa China ,
kwa Durban di
ba Aforikaborwa ,
mo Aforikaborwa gompieno
kwa Soweto ,
kwa Durban .
ba Amerika ba
kwa China ,
kwa Durban di
ba Aforikaborwa ,
mo Aforikaborwa gompieno
kwa Soweto ,
kwa Durban .
ba Amerika ba
kwa China ,
kwa Durban di
ba Aforikaborwa ,
mo Aforikaborwa gompieno
kwa Soweto ,
kwa Durban .
ba Amerika ba
kwa China ,
kwa Durban di
ba Aforikaborwa ,
mo Aforikaborwa gompieno
kwa Soweto ,
kwa Durban .
kwa Los Angeles
Los Angeles ka
kwa Amerika go
ya Bokone jwa
Bokone jwa Aforika
jwa Aforika (
ya Romania (
kwa Bulgaria go
sa Union kwa
ya Los Angeles
Los Angeles lwa
kwa Hollywood .
kwa Barclays Centre
Barclays Centre kwa
kwa Brooklyn ka
kwa Los Angeles
Los Angeles ka
kwa Amerika go
ya Bokone jwa
Bokone jwa Aforika
jwa Aforika (
ya Romania (
kwa Bulgaria go
sa Union kwa
ya Los Angeles
Los Angeles lwa
kwa Hollywood .
kwa Barclays Centre
Barclays Centre kwa
kwa Brooklyn ka
kwa Los Angeles
Los Angeles ka
kwa Amerika go
ya Bokone jwa
Bokone jwa Aforika
jwa Aforika (
ya Romania (
kwa Bulgaria go
sa Union kwa
ya Los Angeles
Los Angeles lwa
kwa Hollywood .
kwa Barclays Centre
Barclays Centre kwa
kwa Brooklyn ka
kwa Los Angeles
Los Angeles ka
kwa Amerika go
ya Bokone jwa
Bokone jwa Aforika
jwa Aforika (
ya Romania (
kwa Bulgaria go
sa Union kwa
ya Los Angeles
Los Angeles lwa
kwa Hollywood .
kwa Barclays Centre
Barclays Centre kwa
kwa Brooklyn ka
kwa Barclays Center
Barclays Center mme
la New York
New York City
York City .
kwa The Yonkers
The Yonkers kwa
kwa New York
New York yo
kwa New York
New York ,
kwa New York
New York ,
kwa United States
United States .
kwa Durban gompieno
kwa New York
New York mo
kwa Hollywood ,
kwa Barclays Center
Barclays Center mme
la New York
New York City
York City .
kwa The Yonkers
The Yonkers kwa
kwa New York
New York yo
kwa New York
New York ,
kwa New York
New York ,
kwa United States
United States .
kwa Durban gompieno
kwa New York
New York mo
kwa Hollywood ,
kwa Barclays Center
Barclays Center mme
la New York
New York City
York City .
kwa The Yonkers
The Yonkers kwa
kwa New York
New York yo
kwa New York
New York ,
kwa New York
New York ,
kwa United States
United States .
kwa Durban gompieno
kwa New York
New York mo
kwa Hollywood ,
kwa Barclays Center
Barclays Center mme
la New York
New York City
York City .
kwa The Yonkers
The Yonkers kwa
kwa New York
New York yo
kwa New York
New York ,
kwa New York
New York ,
kwa United States
United States .
kwa Durban gompieno
kwa New York
New York mo
kwa Hollywood ,
ya Tshwane ya
kwa Lillian Ngoyi
Lillian Ngoyi square
Ngoyi square kwa
kwa Pretoria .
kwa Gauteng .
ya Aforikaborwa .
kwa Union Buildings
Union Buildings .
wa Tshwane Randall
ya Tshwane ,
mo Tshwane tse
mo Gauteng le
baagi Gauteng ba
kwa George ,
kwa Borwa jwa
Borwa jwa Kapa
jwa Kapa ,
mo Aforikaborwa .
akaretsa George ,
, Knysna ,
, Plettenberg Bay
Plettenberg Bay ,
, Oudtshoorn le
le Riversdale .
kwa Los Angeles
ya Tshwane ya
kwa Lillian Ngoyi
Lillian Ngoyi square
Ngoyi square kwa
kwa Pretoria .
kwa Gauteng .
ya Aforikaborwa .
kwa Union Buildings
Union Buildings .
wa Tshwane Randall
ya Tshwane ,
mo Tshwane tse
mo Gauteng le
baagi Gauteng ba
kwa George ,
kwa Borwa jwa
Borwa jwa Kapa
jwa Kapa ,
mo Aforikaborwa .
akaretsa George ,
, Knysna ,
, Plettenberg Bay
Plettenberg Bay ,
, Oudtshoorn le
le Riversdale .
kwa Los Angeles
ya Tshwane ya
kwa Lillian Ngoyi
Lillian Ngoyi square
Ngoyi square kwa